occurrenceID,basisOfRecord,institutionCode,collectionCode,catalogNumber,recordNumber,recordedBy,eventDate,year,month,day,country,countryCode,stateProvince,county,municipality,locality,decimalLatitude,decimalLongitude,coordinateUncertaintyInMeters,geodeticDatum,occurrenceStatus,individualCount,sex,lifeStage,identifiedBy,dateIdentified,scientificName,scientificNameAuthorship,taxonRank,kingdom,phylum,class,order,family,genus,specificEpithet,infraspecificEpithet,datasetID,datasetName,license,references,id,observedOn,ownerInstitutionCodeProperty,identificationVerificationStatus,type,accessRight,rightsHolder,taxon,media,user,identifications,votes,comments,privateGeolocation,elevation,geolocationAccuracy
1029889942,LIVING_SPECIMEN,,,,,,2025-11-01T08:34:38.147000Z,2025,11,1,,,,,,,-21.04487329,55.24303508,,WGS84,present,,,,,,Thunbergia fragrans Roxb.,,,,,,,,,,,,Pl@ntNet Occurrences,CC-BY-SA,,1029889942,2025-11-01T08:33:49.000Z,Pl@ntNet,casual,StillImage,,Andrée SAÏD,"{""id"": 5415458, ""rank"": ""species"", ""rank_level"": 10, ""kingdom"": ""Plantae"", ""family"": ""Acanthaceae"", ""name"": ""Thunbergia fragrans Roxb."", ""url"": ""https://identify.plantnet.org/fr/useful/species/Thunbergia%20fragrans%20Roxb./data"", ""common_names"": {""en"": [""Whitelady"", ""White thunbergia"", ""White-nightshade"", ""Chimine"", ""Indrapushpam"", ""Noorvan-valli"", ""Susana blanca"", ""碗花草"", ""Angel wings"", ""Fragrant thunbergia"", ""Sweet clockvine"", ""White clockvine""]}}","[{""type"": ""StillImage"", ""format"": ""image/jpeg"", ""identifier"": ""51746ff8c17fcd2d633ce92aebe66e08b95fc557"", ""medium_url"": ""https://bs.plantnet.org/image/m/51746ff8c17fcd2d633ce92aebe66e08b95fc557"", ""large_url"": ""https://bs.plantnet.org/image/o/51746ff8c17fcd2d633ce92aebe66e08b95fc557"", ""organ"": ""leaf""}]","{""id"": ""107652469""}",[],"[{""determination"": ""Thunbergia fragrans Roxb."", ""count"": 1, ""score"": 1.91}]",[],True,105.44,4.558529377
1029636602,LIVING_SPECIMEN,,,,,,2025-10-03T16:53:54.046000Z,2025,10,3,,,,,,,-21.0197916667,55.4245833333,,WGS84,present,,,,,,Iris japonica Thunb.,,,,,,,,,,,,Pl@ntNet Occurrences,CC-BY-SA,,1029636602,2025-10-03T11:59:58.000Z,Pl@ntNet,research,StillImage,,annick tracolat,"{""id"": 5297939, ""rank"": ""species"", ""rank_level"": 10, ""kingdom"": ""Plantae"", ""family"": ""Iridaceae"", ""name"": ""Iris japonica Thunb."", ""url"": ""https://identify.plantnet.org/fr/k-western-indian-ocean/species/Iris%20japonica%20Thunb./data"", ""common_names"": {""en"": [""Butterfly-flower"", ""Fringed iris"", ""Japanese crested iris""]}}","[{""type"": ""StillImage"", ""format"": ""image/jpeg"", ""identifier"": ""5489cb60cd6e0c320f887cd338c713b3e43abcdc"", ""medium_url"": ""https://bs.plantnet.org/image/m/5489cb60cd6e0c320f887cd338c713b3e43abcdc"", ""large_url"": ""https://bs.plantnet.org/image/o/5489cb60cd6e0c320f887cd338c713b3e43abcdc"", ""organ"": ""flower""}]","{""id"": ""104420086""}",[],"[{""determination"": ""Iris japonica Thunb."", ""count"": 1, ""score"": 7.08}]",[],False,926.2756,417.396013289
1028626514,LIVING_SPECIMEN,,,,,,2025-07-23T09:25:10.649000Z,2025,7,23,,,,,,,-21.131315162666667,55.47092448419445,,WGS84,present,,,,,,Iris japonica Thunb.,,,,,,,,,,,,Pl@ntNet Occurrences,CC-BY-SA,,1028626514,2025-07-23T09:24:58.000Z,Pl@ntNet,research,StillImage,,Clément Sery,"{""id"": 5297939, ""rank"": ""species"", ""rank_level"": 10, ""kingdom"": ""Plantae"", ""family"": ""Iridaceae"", ""name"": ""Iris japonica Thunb."", ""url"": ""https://identify.plantnet.org/fr/k-western-indian-ocean/species/Iris%20japonica%20Thunb./data"", ""common_names"": {""en"": [""Butterfly-flower"", ""Fringed iris"", ""Japanese crested iris""]}}","[{""type"": ""StillImage"", ""format"": ""image/jpeg"", ""identifier"": ""4d1787608e861910ca1b3f7ae8ff55d02a39516a"", ""medium_url"": ""https://bs.plantnet.org/image/m/4d1787608e861910ca1b3f7ae8ff55d02a39516a"", ""large_url"": ""https://bs.plantnet.org/image/o/4d1787608e861910ca1b3f7ae8ff55d02a39516a"", ""organ"": ""flower""}]","{""id"": ""102127634""}",[],"[{""determination"": ""Iris japonica Thunb."", ""count"": 1, ""score"": 11.13}]",[],False,1186.8574,
1028556478,LIVING_SPECIMEN,,,,,,2025-07-19T10:04:29.724000Z,2025,7,19,,,,,,,-20.9835737,55.294176199999995,,WGS84,present,,,,,,Iris japonica Thunb.,,,,,,,,,,,,Pl@ntNet Occurrences,CC-BY-SA,,1028556478,2025-07-18T13:00:41.000Z,Pl@ntNet,research,StillImage,,Sade Sade Francoise,"{""id"": 5297939, ""rank"": ""species"", ""rank_level"": 10, ""kingdom"": ""Plantae"", ""family"": ""Iridaceae"", ""name"": ""Iris japonica Thunb."", ""url"": ""https://identify.plantnet.org/fr/k-western-indian-ocean/species/Iris%20japonica%20Thunb./data"", ""common_names"": {""en"": [""Butterfly-flower"", ""Fringed iris"", ""Japanese crested iris""]}}","[{""type"": ""StillImage"", ""format"": ""image/jpeg"", ""identifier"": ""d11a78e0f6418e0468612a35ed7c5b5652db5dc4"", ""medium_url"": ""https://bs.plantnet.org/image/m/d11a78e0f6418e0468612a35ed7c5b5652db5dc4"", ""large_url"": ""https://bs.plantnet.org/image/o/d11a78e0f6418e0468612a35ed7c5b5652db5dc4"", ""organ"": ""leaf""}, {""type"": ""StillImage"", ""format"": ""image/jpeg"", ""identifier"": ""47fe117b04ce839a961da30172e69e5738c02d0c"", ""medium_url"": ""https://bs.plantnet.org/image/m/47fe117b04ce839a961da30172e69e5738c02d0c"", ""large_url"": ""https://bs.plantnet.org/image/o/47fe117b04ce839a961da30172e69e5738c02d0c"", ""organ"": ""leaf""}]","{""id"": ""101431390""}",[],"[{""determination"": ""Iris japonica Thunb."", ""count"": 1, ""score"": 10.34}]",[],False,13,
1027869826,LIVING_SPECIMEN,,,,,,2025-06-12T05:54:21.167000Z,2025,6,12,,,,,,,-21.1439666667,55.5879216667,,WGS84,present,,,,,,Machaerina iridifolia (Bory) T.Koyama,,,,,,,,,,,,Pl@ntNet Occurrences,CC-BY-SA,,1027869826,2025-06-12T05:50:49.000Z,Pl@ntNet,casual,StillImage,,Mireille Turpin,"{""id"": 5291141, ""rank"": ""species"", ""rank_level"": 10, ""kingdom"": ""Plantae"", ""family"": ""Cyperaceae"", ""name"": ""Machaerina iridifolia (Bory) T.Koyama"", ""url"": ""https://identify.plantnet.org/fr/k-western-indian-ocean/species/Machaerina%20iridifolia%20(Bory)%20T.Koyama/data"", ""common_names"": {""en"": []}}","[{""type"": ""StillImage"", ""format"": ""image/jpeg"", ""identifier"": ""4eefe80a6ba985793c7b2d172479df64bcd73546"", ""medium_url"": ""https://bs.plantnet.org/image/m/4eefe80a6ba985793c7b2d172479df64bcd73546"", ""large_url"": ""https://bs.plantnet.org/image/o/4eefe80a6ba985793c7b2d172479df64bcd73546"", ""organ"": ""flower""}]","{""id"": ""108561668""}",[],"[{""determination"": ""Machaerina iridifolia (Bory) T.Koyama"", ""count"": 1, ""score"": 0.74}]",[],False,1223.8109,15.7941588533
1026981153,LIVING_SPECIMEN,,,,,,2025-05-09T09:53:42.574000Z,2025,5,9,,,,,,,-21.1938223839,55.3588232994,,WGS84,present,,,,,,Machaerina iridifolia (Bory) T.Koyama,,,,,,,,,,,,Pl@ntNet Occurrences,CC-BY-SA,,1026981153,2025-05-09T09:53:12.000Z,Pl@ntNet,research,StillImage,,Laurent JURYSIK,"{""id"": 5291141, ""rank"": ""species"", ""rank_level"": 10, ""kingdom"": ""Plantae"", ""family"": ""Cyperaceae"", ""name"": ""Machaerina iridifolia (Bory) T.Koyama"", ""url"": ""https://identify.plantnet.org/fr/k-western-indian-ocean/species/Machaerina%20iridifolia%20(Bory)%20T.Koyama/data"", ""common_names"": {""en"": []}}","[{""type"": ""StillImage"", ""format"": ""image/jpeg"", ""identifier"": ""ae89af700502d9cb520f3cab2212fb85f57ab860"", ""medium_url"": ""https://bs.plantnet.org/image/m/ae89af700502d9cb520f3cab2212fb85f57ab860"", ""large_url"": ""https://bs.plantnet.org/image/o/ae89af700502d9cb520f3cab2212fb85f57ab860"", ""organ"": ""flower""}]","{""id"": ""106248738""}",[],"[{""determination"": ""Machaerina iridifolia (Bory) T.Koyama"", ""count"": 1, ""score"": 4.69}]",[],False,1248,24
1026757176,LIVING_SPECIMEN,,,,,,2025-05-01T06:11:10.700000Z,2025,5,1,,,,,,,-21.043906499722222,55.5585704,,WGS84,present,,,,,,Machaerina iridifolia (Bory) T.Koyama,,,,,,,,,,,,Pl@ntNet Occurrences,CC-BY-SA,,1026757176,2025-05-01T06:10:29.000Z,Pl@ntNet,research,StillImage,,Serge POTVIN,"{""id"": 5291141, ""rank"": ""species"", ""rank_level"": 10, ""kingdom"": ""Plantae"", ""family"": ""Cyperaceae"", ""name"": ""Machaerina iridifolia (Bory) T.Koyama"", ""url"": ""https://identify.plantnet.org/fr/k-western-indian-ocean/species/Machaerina%20iridifolia%20(Bory)%20T.Koyama/data"", ""common_names"": {""en"": []}}","[{""type"": ""StillImage"", ""format"": ""image/jpeg"", ""identifier"": ""bf05ea0f112f7d72161163151463d64fc3a8c827"", ""medium_url"": ""https://bs.plantnet.org/image/m/bf05ea0f112f7d72161163151463d64fc3a8c827"", ""large_url"": ""https://bs.plantnet.org/image/o/bf05ea0f112f7d72161163151463d64fc3a8c827"", ""organ"": ""flower""}, {""type"": ""StillImage"", ""format"": ""image/jpeg"", ""identifier"": ""754581b0eaecc3233356d12f64b8539ca30179f9"", ""medium_url"": ""https://bs.plantnet.org/image/m/754581b0eaecc3233356d12f64b8539ca30179f9"", ""large_url"": ""https://bs.plantnet.org/image/o/754581b0eaecc3233356d12f64b8539ca30179f9"", ""organ"": ""leaf""}]","{""id"": ""102845063""}",[],"[{""determination"": ""Machaerina iridifolia (Bory) T.Koyama"", ""count"": 1, ""score"": 14.55}]",[],False,1371,3.7900924683
1026175057,LIVING_SPECIMEN,,,,,,2025-04-04T06:00:00.253000Z,2025,4,4,,,,,,,-21.175472222222222,55.721805555555555,,WGS84,present,,,,,,Machaerina iridifolia (Bory) T.Koyama,,,,,,,,,,,,Pl@ntNet Occurrences,CC-BY-SA,,1026175057,2025-04-03T06:08:32.000Z,Pl@ntNet,research,StillImage,,Thomas Pleyber,"{""id"": 5291141, ""rank"": ""species"", ""rank_level"": 10, ""kingdom"": ""Plantae"", ""family"": ""Cyperaceae"", ""name"": ""Machaerina iridifolia (Bory) T.Koyama"", ""url"": ""https://identify.plantnet.org/fr/k-western-indian-ocean/species/Machaerina%20iridifolia%20(Bory)%20T.Koyama/data"", ""common_names"": {""en"": []}}","[{""type"": ""StillImage"", ""format"": ""image/jpeg"", ""identifier"": ""6ebdb9148ee4059c1796a9d11bf1126c5eb0863d"", ""medium_url"": ""https://bs.plantnet.org/image/m/6ebdb9148ee4059c1796a9d11bf1126c5eb0863d"", ""large_url"": ""https://bs.plantnet.org/image/o/6ebdb9148ee4059c1796a9d11bf1126c5eb0863d"", ""organ"": ""flower""}, {""type"": ""StillImage"", ""format"": ""image/jpeg"", ""identifier"": ""11692d0fa2c95095ae8ee6c6fbe4d2b9eb3625ac"", ""medium_url"": ""https://bs.plantnet.org/image/m/11692d0fa2c95095ae8ee6c6fbe4d2b9eb3625ac"", ""large_url"": ""https://bs.plantnet.org/image/o/11692d0fa2c95095ae8ee6c6fbe4d2b9eb3625ac"", ""organ"": ""leaf""}]","{""id"": ""101194139""}",[],"[{""determination"": ""Machaerina iridifolia (Bory) T.Koyama"", ""count"": 1, ""score"": 18.8}]",[],False,876,
1025326562,LIVING_SPECIMEN,,,,,,2024-12-01T07:02:40.133000Z,2024,12,1,,,,,,,-20.965543099999998,55.365024599722226,,WGS84,present,,,,,,Thunbergia fragrans Roxb.,,,,,,,,,,,,Pl@ntNet Occurrences,CC-BY-SA,,1025326562,2024-12-01T06:56:46.000Z,Pl@ntNet,research,StillImage,,Carole elorac,"{""id"": 5415458, ""rank"": ""species"", ""rank_level"": 10, ""kingdom"": ""Plantae"", ""family"": ""Acanthaceae"", ""name"": ""Thunbergia fragrans Roxb."", ""url"": ""https://identify.plantnet.org/fr/k-world-flora/species/Thunbergia%20fragrans%20Roxb./data"", ""common_names"": {""en"": [""White thunbergia"", ""White-lady"", ""White-nightshade"", ""Chimine"", ""Indrapushpam"", ""Noorvan-valli"", ""Susana blanca"", ""碗花草"", ""Angel wings"", ""Fragrant thunbergia"", ""Sweet clockvine"", ""White clockvine""]}}","[{""type"": ""StillImage"", ""format"": ""image/jpeg"", ""identifier"": ""37decfa94b75ae6b69ee8eee0a5ea62bddca74d6"", ""medium_url"": ""https://bs.plantnet.org/image/m/37decfa94b75ae6b69ee8eee0a5ea62bddca74d6"", ""large_url"": ""https://bs.plantnet.org/image/o/37decfa94b75ae6b69ee8eee0a5ea62bddca74d6"", ""organ"": ""flower""}]","{""id"": ""104850711""}",[],"[{""determination"": ""Thunbergia fragrans Roxb."", ""count"": 2, ""score"": 119.84}]",[],False,543,
1024889440,LIVING_SPECIMEN,,,,,,2024-10-08T11:05:45.900000Z,2024,10,8,,,,,,,-21.113385399722223,55.448838499999994,,WGS84,present,,,,,,Iris japonica Thunb.,,,,,,,,,,,,Pl@ntNet Occurrences,CC-BY-SA,,1024889440,2024-10-08T11:04:50.000Z,Pl@ntNet,casual,StillImage,,Steven Corre,"{""id"": 5297939, ""rank"": ""species"", ""rank_level"": 10, ""kingdom"": ""Plantae"", ""family"": ""Iridaceae"", ""name"": ""Iris japonica Thunb."", ""url"": ""https://identify.plantnet.org/fr/k-western-indian-ocean/species/Iris%20japonica%20Thunb./data"", ""common_names"": {""en"": [""Butterfly-flower"", ""Fringed iris"", ""Japanese crested iris""]}}","[{""type"": ""StillImage"", ""format"": ""image/jpeg"", ""identifier"": ""f04c2624e7c6fb7530e3ab49f597b73ec0a0ad79"", ""medium_url"": ""https://bs.plantnet.org/image/m/f04c2624e7c6fb7530e3ab49f597b73ec0a0ad79"", ""large_url"": ""https://bs.plantnet.org/image/o/f04c2624e7c6fb7530e3ab49f597b73ec0a0ad79"", ""organ"": ""flower""}]","{""id"": ""104602565""}",[],"[{""determination"": ""Iris japonica Thunb."", ""count"": 1, ""score"": 0.74}]",[],True,1612,8
1024822071,LIVING_SPECIMEN,,,,,,2024-10-02T10:09:19.165000Z,2024,10,2,,,,,,,-21.1132696085,55.448781252,,WGS84,present,,,,,,Iris japonica Thunb.,,,,,,,,,,,,Pl@ntNet Occurrences,CC-BY-SA,,1024822071,2024-10-02T10:07:01.000Z,Pl@ntNet,casual,StillImage,,Carla Lafourniere,"{""id"": 5297939, ""rank"": ""species"", ""rank_level"": 10, ""kingdom"": ""Plantae"", ""family"": ""Iridaceae"", ""name"": ""Iris japonica Thunb."", ""url"": ""https://identify.plantnet.org/fr/k-western-indian-ocean/species/Iris%20japonica%20Thunb./data"", ""common_names"": {""en"": [""Butterfly-flower"", ""Fringed iris"", ""Japanese crested iris""]}}","[{""type"": ""StillImage"", ""format"": ""image/jpeg"", ""identifier"": ""09707d52dabb89b69da4ec4f49f7f87383b640fb"", ""medium_url"": ""https://bs.plantnet.org/image/m/09707d52dabb89b69da4ec4f49f7f87383b640fb"", ""large_url"": ""https://bs.plantnet.org/image/o/09707d52dabb89b69da4ec4f49f7f87383b640fb"", ""organ"": ""flower""}]","{""id"": ""108433742""}",[],"[{""determination"": ""Iris japonica Thunb."", ""count"": 1, ""score"": 0.74}]",[],True,1581.3792,3.5355339059
1024377012,LIVING_SPECIMEN,,,,,,2024-08-31T07:05:28.695000Z,2024,8,31,,,,,,,-21.131168391666666,55.472269608333335,,WGS84,present,,,,,,Iris japonica Thunb.,,,,,,,,,,,,Pl@ntNet Occurrences,CC-BY-SA,,1024377012,2024-08-31T07:03:42.000Z,Pl@ntNet,casual,StillImage,,alain alain salleron,"{""id"": 5297939, ""rank"": ""species"", ""rank_level"": 10, ""kingdom"": ""Plantae"", ""family"": ""Iridaceae"", ""name"": ""Iris japonica Thunb."", ""url"": ""https://identify.plantnet.org/fr/k-world-flora/species/Iris%20japonica%20Thunb./data"", ""common_names"": {""en"": [""Butterfly-flower"", ""Fringed iris"", ""Japanese crested iris""]}}","[{""type"": ""StillImage"", ""format"": ""image/jpeg"", ""identifier"": ""c889301ce67f5c7798a727468491310844e2c742"", ""medium_url"": ""https://bs.plantnet.org/image/m/c889301ce67f5c7798a727468491310844e2c742"", ""large_url"": ""https://bs.plantnet.org/image/o/c889301ce67f5c7798a727468491310844e2c742"", ""organ"": ""flower""}]","{""id"": ""100957474""}",[],"[{""determination"": ""Iris japonica Thunb."", ""count"": 1, ""score"": 0.74}]",[],True,1226,
1020998273,LIVING_SPECIMEN,,,,,,2024-02-24T19:30:53.610000Z,2024,2,24,,,,,,,-21.200724,55.366434,,WGS84,present,,,,,,Machaerina iridifolia (Bory) T.Koyama,,,,,,,,,,,,Pl@ntNet Occurrences,CC-BY-SA,,1020998273,2023-11-13T11:00:03.000Z,Pl@ntNet,research,StillImage,,Léa Mariton,"{""id"": 5291141, ""rank"": ""species"", ""rank_level"": 10, ""kingdom"": ""Plantae"", ""family"": ""Cyperaceae"", ""name"": ""Machaerina iridifolia (Bory) T.Koyama"", ""url"": ""https://identify.plantnet.org/fr/k-western-indian-ocean/species/Machaerina%20iridifolia%20(Bory)%20T.Koyama/data"", ""common_names"": {""en"": []}}","[{""type"": ""StillImage"", ""format"": ""image/jpeg"", ""identifier"": ""d9e14633dffb0c47bce25066d046da63efb72f29"", ""medium_url"": ""https://bs.plantnet.org/image/m/d9e14633dffb0c47bce25066d046da63efb72f29"", ""large_url"": ""https://bs.plantnet.org/image/o/d9e14633dffb0c47bce25066d046da63efb72f29"", ""organ"": ""flower""}]","{""id"": ""101114039""}",[],"[{""determination"": ""Machaerina iridifolia (Bory) T.Koyama"", ""count"": 1, ""score"": 17.45}]",[],True,1206,
1020998232,LIVING_SPECIMEN,,,,,,2024-02-24T19:22:18.541000Z,2024,2,24,,,,,,,-21.200724,55.366434,,WGS84,present,,,,,,Machaerina iridifolia (Bory) T.Koyama,,,,,,,,,,,,Pl@ntNet Occurrences,CC-BY-SA,,1020998232,2023-11-13T11:16:46.000Z,Pl@ntNet,research,StillImage,,Léa Mariton,"{""id"": 5291141, ""rank"": ""species"", ""rank_level"": 10, ""kingdom"": ""Plantae"", ""family"": ""Cyperaceae"", ""name"": ""Machaerina iridifolia (Bory) T.Koyama"", ""url"": ""https://identify.plantnet.org/fr/k-western-indian-ocean/species/Machaerina%20iridifolia%20(Bory)%20T.Koyama/data"", ""common_names"": {""en"": []}}","[{""type"": ""StillImage"", ""format"": ""image/jpeg"", ""identifier"": ""46a5caf91e49081daa9ef1c8bb7ba001d4d6cc92"", ""medium_url"": ""https://bs.plantnet.org/image/m/46a5caf91e49081daa9ef1c8bb7ba001d4d6cc92"", ""large_url"": ""https://bs.plantnet.org/image/o/46a5caf91e49081daa9ef1c8bb7ba001d4d6cc92"", ""organ"": ""leaf""}, {""type"": ""StillImage"", ""format"": ""image/jpeg"", ""identifier"": ""1da51f1312ec479af9f0eaf957157693cd7da109"", ""medium_url"": ""https://bs.plantnet.org/image/m/1da51f1312ec479af9f0eaf957157693cd7da109"", ""large_url"": ""https://bs.plantnet.org/image/o/1da51f1312ec479af9f0eaf957157693cd7da109"", ""organ"": ""leaf""}, {""type"": ""StillImage"", ""format"": ""image/jpeg"", ""identifier"": ""b04d9817e9545433f0d62be8031d77e4576bcafe"", ""medium_url"": ""https://bs.plantnet.org/image/m/b04d9817e9545433f0d62be8031d77e4576bcafe"", ""large_url"": ""https://bs.plantnet.org/image/o/b04d9817e9545433f0d62be8031d77e4576bcafe"", ""organ"": ""habit""}]","{""id"": ""101114039""}",[],"[{""determination"": ""Machaerina iridifolia (Bory) T.Koyama"", ""count"": 1, ""score"": 17.45}]",[],True,1206,
1020446511,LIVING_SPECIMEN,,,,,,2023-11-11T08:31:05.494000Z,2023,11,11,,,,,,,-20.9170645643,55.6222106878,,WGS84,present,,,,,,Thunbergia fragrans Roxb.,,,,,,,,,,,,Pl@ntNet Occurrences,CC-BY-SA,,1020446511,2023-11-11T08:31:05.494Z,Pl@ntNet,research,StillImage,,Soazig Fleurs,"{""id"": 5415458, ""rank"": ""species"", ""rank_level"": 10, ""kingdom"": ""Plantae"", ""family"": ""Acanthaceae"", ""name"": ""Thunbergia fragrans Roxb."", ""url"": ""https://identify.plantnet.org/fr/k-world-flora/species/Thunbergia%20fragrans%20Roxb./data"", ""common_names"": {""en"": [""White thunbergia"", ""White-lady"", ""White-nightshade"", ""Chimine"", ""Indrapushpam"", ""Noorvan-valli"", ""Susana blanca"", ""碗花草"", ""Angel wings"", ""Fragrant thunbergia"", ""Sweet clockvine"", ""White clockvine""]}}","[{""type"": ""StillImage"", ""format"": ""image/jpeg"", ""identifier"": ""7c2769c511c089ca38c019940b5c4b24e9d4a311"", ""medium_url"": ""https://bs.plantnet.org/image/m/7c2769c511c089ca38c019940b5c4b24e9d4a311"", ""large_url"": ""https://bs.plantnet.org/image/o/7c2769c511c089ca38c019940b5c4b24e9d4a311"", ""organ"": ""flower""}]","{""id"": ""101812566""}",[],"[{""determination"": ""Thunbergia fragrans Roxb."", ""count"": 2, ""score"": 126.28}]",[],True,10.8713,56
1020195611,LIVING_SPECIMEN,,,,,,2023-10-08T14:58:31.282000Z,2023,10,8,,,,,,,-20.9919133333,55.5973333333,,WGS84,present,,,,,,Machaerina iridifolia (Bory) T.Koyama,,,,,,,,,,,,Pl@ntNet Occurrences,CC-BY-SA,,1020195611,2023-10-08T14:58:31.282Z,Pl@ntNet,research,StillImage,,Cecile de B,"{""id"": 5291141, ""rank"": ""species"", ""rank_level"": 10, ""kingdom"": ""Plantae"", ""family"": ""Cyperaceae"", ""name"": ""Machaerina iridifolia (Bory) T.Koyama"", ""url"": ""https://identify.plantnet.org/fr/k-western-indian-ocean/species/Machaerina%20iridifolia%20(Bory)%20T.Koyama/data"", ""common_names"": {""en"": []}}","[{""type"": ""StillImage"", ""format"": ""image/jpeg"", ""identifier"": ""3cd351d1d4b185063bfc5953f1b951ab289ea89a"", ""medium_url"": ""https://bs.plantnet.org/image/m/3cd351d1d4b185063bfc5953f1b951ab289ea89a"", ""large_url"": ""https://bs.plantnet.org/image/o/3cd351d1d4b185063bfc5953f1b951ab289ea89a"", ""organ"": ""leaf""}, {""type"": ""StillImage"", ""format"": ""image/jpeg"", ""identifier"": ""f511dba2b073191c24954fa51cb9583d51067dc7"", ""medium_url"": ""https://bs.plantnet.org/image/m/f511dba2b073191c24954fa51cb9583d51067dc7"", ""large_url"": ""https://bs.plantnet.org/image/o/f511dba2b073191c24954fa51cb9583d51067dc7"", ""organ"": ""leaf""}]","{""id"": ""105745825""}",[],"[{""determination"": ""Machaerina iridifolia (Bory) T.Koyama"", ""count"": 1, ""score"": 18.69}]",[],True,661.8491,3.5355339056
1020128799,LIVING_SPECIMEN,,,,,,2023-10-02T06:40:12.106000Z,2023,10,2,,,,,,,-21.2203959888,55.8048020024,,WGS84,present,,,,,,Machaerina iridifolia (Bory) T.Koyama,,,,,,,,,,,,Pl@ntNet Occurrences,CC-BY-SA,,1020128799,2023-10-02T06:40:12.106Z,Pl@ntNet,casual,StillImage,,Kim Mdb,"{""id"": 5291141, ""rank"": ""species"", ""rank_level"": 10, ""kingdom"": ""Plantae"", ""family"": ""Cyperaceae"", ""name"": ""Machaerina iridifolia (Bory) T.Koyama"", ""url"": ""https://identify.plantnet.org/fr/k-western-indian-ocean/species/Machaerina%20iridifolia%20(Bory)%20T.Koyama/data"", ""common_names"": {""en"": []}}","[{""type"": ""StillImage"", ""format"": ""image/jpeg"", ""identifier"": ""aa15ab9010eee9f350eb9e31d298d266cbf839e3"", ""medium_url"": ""https://bs.plantnet.org/image/m/aa15ab9010eee9f350eb9e31d298d266cbf839e3"", ""large_url"": ""https://bs.plantnet.org/image/o/aa15ab9010eee9f350eb9e31d298d266cbf839e3"", ""organ"": ""flower""}]","{""id"": ""106272773""}",[],"[{""determination"": ""Machaerina iridifolia (Bory) T.Koyama"", ""count"": 1, ""score"": 1.91}]",[],True,96.3834,5
1019829252,LIVING_SPECIMEN,,,,,,2023-09-05T16:50:13.714000Z,2023,9,5,,,,,,,-21.132566444444446,55.47240827777778,,WGS84,present,,,,,,Iris japonica Thunb.,,,,,,,,,,,,Pl@ntNet Occurrences,CC-BY-SA,,1019829252,2023-09-05T14:19:19.000Z,Pl@ntNet,research,StillImage,,Flore Gaulmier,"{""id"": 5297939, ""rank"": ""species"", ""rank_level"": 10, ""kingdom"": ""Plantae"", ""family"": ""Iridaceae"", ""name"": ""Iris japonica Thunb."", ""url"": ""https://identify.plantnet.org/fr/k-western-indian-ocean/species/Iris%20japonica%20Thunb./data"", ""common_names"": {""en"": [""Butterfly-flower"", ""Fringed iris"", ""Japanese crested iris""]}}","[{""type"": ""StillImage"", ""format"": ""image/jpeg"", ""identifier"": ""deb97959456f25d59a245e96bf5231a1f0b225fe"", ""medium_url"": ""https://bs.plantnet.org/image/m/deb97959456f25d59a245e96bf5231a1f0b225fe"", ""large_url"": ""https://bs.plantnet.org/image/o/deb97959456f25d59a245e96bf5231a1f0b225fe"", ""organ"": ""flower""}, {""type"": ""StillImage"", ""format"": ""image/jpeg"", ""identifier"": ""82cddc19df1962fa0d17452c03d4e869ba20eac5"", ""medium_url"": ""https://bs.plantnet.org/image/m/82cddc19df1962fa0d17452c03d4e869ba20eac5"", ""large_url"": ""https://bs.plantnet.org/image/o/82cddc19df1962fa0d17452c03d4e869ba20eac5"", ""organ"": ""flower""}]","{""id"": ""103890245""}",[],"[{""determination"": ""Iris japonica Thunb."", ""count"": 2, ""score"": 47.709999999999994}]",[],True,1211,
1019497484,LIVING_SPECIMEN,,,,,,2023-08-13T07:08:31.010000Z,2023,8,13,,,,,,,-21.1313964,55.4712049,,WGS84,present,,,,,,Iris japonica Thunb.,,,,,,,,,,,,Pl@ntNet Occurrences,CC-BY-SA,,1019497484,2023-08-13T07:08:31.010Z,Pl@ntNet,casual,StillImage,,Stéphane BARBIERI,"{""id"": 5297939, ""rank"": ""species"", ""rank_level"": 10, ""kingdom"": ""Plantae"", ""family"": ""Iridaceae"", ""name"": ""Iris japonica Thunb."", ""url"": ""https://identify.plantnet.org/fr/k-western-indian-ocean/species/Iris%20japonica%20Thunb./data"", ""common_names"": {""en"": [""Butterfly-flower"", ""Fringed iris"", ""Japanese crested iris""]}}","[{""type"": ""StillImage"", ""format"": ""image/jpeg"", ""identifier"": ""81e60f9b5e62967d08be73881bb8cd4582352877"", ""medium_url"": ""https://bs.plantnet.org/image/m/81e60f9b5e62967d08be73881bb8cd4582352877"", ""large_url"": ""https://bs.plantnet.org/image/o/81e60f9b5e62967d08be73881bb8cd4582352877"", ""organ"": ""flower""}]","{""id"": ""106448312""}",[],"[{""determination"": ""Iris japonica Thunb."", ""count"": 2, ""score"": 1.97}]",[],True,1177.7164,10.1491346359
1016573280,LIVING_SPECIMEN,,,,,,2023-03-10T16:51:39.598000Z,2023,3,10,,,,,,,-21.368047,55.719395,,WGS84,present,,,,,,Thunbergia fragrans Roxb.,,,,,,,,,,,,Pl@ntNet Occurrences,CC-BY-SA,,1016573280,2019-02-25T11:51:12.000Z,Pl@ntNet,casual,StillImage,,Peter Schmitz,"{""id"": 5415458, ""rank"": ""species"", ""rank_level"": 10, ""kingdom"": ""Plantae"", ""family"": ""Acanthaceae"", ""name"": ""Thunbergia fragrans Roxb."", ""url"": ""https://identify.plantnet.org/fr/the-plant-list/species/Thunbergia%20fragrans%20Roxb./data"", ""common_names"": {""en"": [""White thunbergia"", ""White-lady"", ""White-nightshade"", ""Chimine"", ""Indrapushpam"", ""Noorvan-valli"", ""Susana blanca"", ""碗花草"", ""Angel wings"", ""Fragrant thunbergia"", ""Sweet clockvine"", ""White clockvine""]}}","[{""type"": ""StillImage"", ""format"": ""image/jpeg"", ""identifier"": ""039fe403ceec32502d80e3fb26b9b0adc08a41aa"", ""medium_url"": ""https://bs.plantnet.org/image/m/039fe403ceec32502d80e3fb26b9b0adc08a41aa"", ""large_url"": ""https://bs.plantnet.org/image/o/039fe403ceec32502d80e3fb26b9b0adc08a41aa"", ""organ"": ""flower""}, {""type"": ""StillImage"", ""format"": ""image/jpeg"", ""identifier"": ""6d10df9df43efabbf6e21dc0619dfc85465d2578"", ""medium_url"": ""https://bs.plantnet.org/image/m/6d10df9df43efabbf6e21dc0619dfc85465d2578"", ""large_url"": ""https://bs.plantnet.org/image/o/6d10df9df43efabbf6e21dc0619dfc85465d2578"", ""organ"": ""leaf""}, {""type"": ""StillImage"", ""format"": ""image/jpeg"", ""identifier"": ""8ad0782e36c0e55b03c5ace6aa47cf02b30e1afe"", ""medium_url"": ""https://bs.plantnet.org/image/m/8ad0782e36c0e55b03c5ace6aa47cf02b30e1afe"", ""large_url"": ""https://bs.plantnet.org/image/o/8ad0782e36c0e55b03c5ace6aa47cf02b30e1afe"", ""organ"": ""habit""}]","{""id"": ""104980450""}",[],"[{""determination"": ""Thunbergia fragrans Roxb."", ""count"": 1, ""score"": 114.28}, {""determination"": ""Thunbergia fragrans      (Duftende Thunbergie, Weiße Lady)"", ""count"": 1, ""score"": 91.58}]",[],True,63,
1016156132,LIVING_SPECIMEN,,,,,,2022-12-11T06:58:16.566000Z,2022,12,11,,,,,,,-20.9573400101,55.3333209651,,WGS84,present,,,,,,Iris japonica Thunb.,,,,,,,,,,,,Pl@ntNet Occurrences,CC-BY-SA,,1016156132,2022-12-11T06:58:16.566Z,Pl@ntNet,casual,StillImage,,lilou baudard,"{""id"": 5297939, ""rank"": ""species"", ""rank_level"": 10, ""kingdom"": ""Plantae"", ""family"": ""Iridaceae"", ""name"": ""Iris japonica Thunb."", ""url"": ""https://identify.plantnet.org/fr/reunion/species/Iris%20japonica%20Thunb./data"", ""common_names"": {""en"": [""Butterfly-flower"", ""Fringed iris"", ""Japanese crested iris""]}}","[{""type"": ""StillImage"", ""format"": ""image/jpeg"", ""identifier"": ""e4b6879e434b70d38acd803349aef76afe5392ae"", ""medium_url"": ""https://bs.plantnet.org/image/m/e4b6879e434b70d38acd803349aef76afe5392ae"", ""large_url"": ""https://bs.plantnet.org/image/o/e4b6879e434b70d38acd803349aef76afe5392ae"", ""organ"": ""leaf""}]","{""id"": ""105079510""}",[],"[{""determination"": ""Iris japonica Thunb."", ""count"": 1, ""score"": 0.74}]",[],True,141.4892,27.1138550233
1015884171,LIVING_SPECIMEN,,,,,,2022-10-25T14:23:47.523000Z,2022,10,25,,,,,,,-21.3147154497,55.620651925,,WGS84,present,,,,,,Iris japonica Thunb.,,,,,,,,,,,,Pl@ntNet Occurrences,CC-BY-SA,,1015884171,2022-10-22T16:39:17.000Z,Pl@ntNet,casual,StillImage,,Franck charroin,"{""id"": 5297939, ""rank"": ""species"", ""rank_level"": 10, ""kingdom"": ""Plantae"", ""family"": ""Iridaceae"", ""name"": ""Iris japonica Thunb."", ""url"": ""https://identify.plantnet.org/fr/reunion/species/Iris%20japonica%20Thunb./data"", ""common_names"": {""en"": [""Butterfly-flower"", ""Fringed iris"", ""Japanese crested iris""]}}","[{""type"": ""StillImage"", ""format"": ""image/jpeg"", ""identifier"": ""a23aba31314fce422f1760ef70f07217abb93d50"", ""medium_url"": ""https://bs.plantnet.org/image/m/a23aba31314fce422f1760ef70f07217abb93d50"", ""large_url"": ""https://bs.plantnet.org/image/o/a23aba31314fce422f1760ef70f07217abb93d50"", ""organ"": ""flower""}]","{""id"": ""102667920""}",[],"[{""determination"": ""Iris japonica Thunb."", ""count"": 1, ""score"": 0.74}]",[],True,450,8.5
1015506602,LIVING_SPECIMEN,,,,,,2022-09-18T06:02:39.259000Z,2022,9,18,,,,,,,-21.23605918,55.56974029,,WGS84,present,,,,,,Iris japonica Thunb.,,,,,,,,,,,,Pl@ntNet Occurrences,CC-BY-SA,,1015506602,2022-09-18T06:02:39.259Z,Pl@ntNet,casual,StillImage,,Carole B-H,"{""id"": 5297939, ""rank"": ""species"", ""rank_level"": 10, ""kingdom"": ""Plantae"", ""family"": ""Iridaceae"", ""name"": ""Iris japonica Thunb."", ""url"": ""https://identify.plantnet.org/fr/reunion/species/Iris%20japonica%20Thunb./data"", ""common_names"": {""en"": [""Butterfly-flower"", ""Fringed iris"", ""Japanese crested iris""]}}","[{""type"": ""StillImage"", ""format"": ""image/jpeg"", ""identifier"": ""a301df417910b1f01097d1db2c1e1fdd135dcbed"", ""medium_url"": ""https://bs.plantnet.org/image/m/a301df417910b1f01097d1db2c1e1fdd135dcbed"", ""large_url"": ""https://bs.plantnet.org/image/o/a301df417910b1f01097d1db2c1e1fdd135dcbed"", ""organ"": ""flower""}]","{""id"": ""102063932""}",[],"[{""determination"": ""Iris japonica Thunb."", ""count"": 1, ""score"": 1.6}]",[],True,1413.59,69.6666666667
1012683564,LIVING_SPECIMEN,,,,,,2022-03-16T13:47:40.667000Z,2022,3,16,,,,,,,-20.95671111111111,55.43826388888888,,WGS84,present,,,,,,Machaerina iridifolia (Bory) T.Koyama,,,,,,,,,,,,Pl@ntNet Occurrences,CC-BY-SA,,1012683564,2022-03-13T11:57:22.000Z,Pl@ntNet,research,StillImage,,dominoel Dominique Grandgeorge,"{""id"": 5291141, ""rank"": ""species"", ""rank_level"": 10, ""kingdom"": ""Plantae"", ""family"": ""Cyperaceae"", ""name"": ""Machaerina iridifolia (Bory) T.Koyama"", ""url"": ""https://identify.plantnet.org/fr/reunion/species/Machaerina%20iridifolia%20(Bory)%20T.Koyama/data"", ""common_names"": {""en"": []}}","[{""type"": ""StillImage"", ""format"": ""image/jpeg"", ""identifier"": ""aa926b6e2a2c4adb0826e3b47d9be657bb145c68"", ""medium_url"": ""https://bs.plantnet.org/image/m/aa926b6e2a2c4adb0826e3b47d9be657bb145c68"", ""large_url"": ""https://bs.plantnet.org/image/o/aa926b6e2a2c4adb0826e3b47d9be657bb145c68"", ""organ"": ""flower""}]","{""id"": ""100871957""}",[],"[{""determination"": ""Machaerina iridifolia (Bory) T.Koyama"", ""count"": 1, ""score"": 24.16}]",[],True,1287,
1012656738,LIVING_SPECIMEN,,,,,,2022-03-10T13:31:27.006000Z,2022,3,10,,,,,,,-21.159083666666664,55.76188055555556,,WGS84,present,,,,,,Machaerina iridifolia (Bory) T.Koyama,,,,,,,,,,,,Pl@ntNet Occurrences,CC-BY-SA,,1012656738,2022-03-10T08:25:29.000Z,Pl@ntNet,research,StillImage,,Schnittler Martin,"{""id"": 5291141, ""rank"": ""species"", ""rank_level"": 10, ""kingdom"": ""Plantae"", ""family"": ""Cyperaceae"", ""name"": ""Machaerina iridifolia (Bory) T.Koyama"", ""url"": ""https://identify.plantnet.org/fr/reunion/species/Machaerina%20iridifolia%20(Bory)%20T.Koyama/data"", ""common_names"": {""en"": []}}","[{""type"": ""StillImage"", ""format"": ""image/jpeg"", ""identifier"": ""f83568d7582a5a37a4b162d6a1ee18c077f20c3e"", ""medium_url"": ""https://bs.plantnet.org/image/m/f83568d7582a5a37a4b162d6a1ee18c077f20c3e"", ""large_url"": ""https://bs.plantnet.org/image/o/f83568d7582a5a37a4b162d6a1ee18c077f20c3e"", ""organ"": ""flower""}, {""type"": ""StillImage"", ""format"": ""image/jpeg"", ""identifier"": ""b3329ae6bb35bfcf7d5f2a9daa69cb86b89b112f"", ""medium_url"": ""https://bs.plantnet.org/image/m/b3329ae6bb35bfcf7d5f2a9daa69cb86b89b112f"", ""large_url"": ""https://bs.plantnet.org/image/o/b3329ae6bb35bfcf7d5f2a9daa69cb86b89b112f"", ""organ"": ""habit""}]","{""id"": ""100969833""}",[],"[{""determination"": ""Machaerina iridifolia (Bory) T.Koyama"", ""count"": 1, ""score"": 16.57}]",[],True,856.645,
1012478381,LIVING_SPECIMEN,,,,,,2022-01-15T19:51:42.449000Z,2022,1,15,,,,,,,-21.111433333333334,55.658416833333334,,WGS84,present,,,,,,Aciotis purpurascens (Aubl.) Triana,,,,,,,,,,,,Pl@ntNet Occurrences,CC-BY-SA,,1012478381,2010-11-18T11:32:14.000Z,Pl@ntNet,research,StillImage,,Alain Lagrave,"{""id"": 3861822, ""rank"": ""species"", ""rank_level"": 10, ""kingdom"": ""Plantae"", ""family"": ""Melastomataceae"", ""name"": ""Aciotis purpurascens (Aubl.) Triana"", ""url"": ""https://identify.plantnet.org/fr/the-plant-list/species/Aciotis%20purpurascens%20(Aubl.)%20Triana/data"", ""common_names"": {""en"": []}}","[{""type"": ""StillImage"", ""format"": ""image/jpeg"", ""identifier"": ""06d547203af0631ef3193eb1fe38234cdc5a7768"", ""medium_url"": ""https://bs.plantnet.org/image/m/06d547203af0631ef3193eb1fe38234cdc5a7768"", ""large_url"": ""https://bs.plantnet.org/image/o/06d547203af0631ef3193eb1fe38234cdc5a7768"", ""organ"": ""leaf""}]","{""id"": ""100724046""}",[],"[{""determination"": ""Aciotis purpurascens (Aubl.) Triana"", ""count"": 1, ""score"": 42.83}]",[],False,789.8,
1012031457,LIVING_SPECIMEN,,,,,,2021-09-20T08:32:33.915000Z,2021,9,20,,,,,,,-21.039900944444447,55.42686691388889,,WGS84,present,,,,,,Iris japonica Thunb.,,,,,,,,,,,,Pl@ntNet Occurrences,CC-BY-SA,,1012031457,2021-09-20T08:32:33.915Z,Pl@ntNet,research,StillImage,,Matthieu Libeer,"{""id"": 5297939, ""rank"": ""species"", ""rank_level"": 10, ""kingdom"": ""Plantae"", ""family"": ""Iridaceae"", ""name"": ""Iris japonica Thunb."", ""url"": ""https://identify.plantnet.org/fr/reunion/species/Iris%20japonica%20Thunb./data"", ""common_names"": {""en"": [""Butterfly-flower"", ""Fringed iris"", ""Japanese crested iris""]}}","[{""type"": ""StillImage"", ""format"": ""image/jpeg"", ""identifier"": ""8b7a06ed8ce65ad7a50d123bdd49a433f0321b0d"", ""medium_url"": ""https://bs.plantnet.org/image/m/8b7a06ed8ce65ad7a50d123bdd49a433f0321b0d"", ""large_url"": ""https://bs.plantnet.org/image/o/8b7a06ed8ce65ad7a50d123bdd49a433f0321b0d"", ""organ"": ""flower""}, {""type"": ""StillImage"", ""format"": ""image/jpeg"", ""identifier"": ""da72dbaa0b710b0e3ff70e27c5d68aa3d54faba3"", ""medium_url"": ""https://bs.plantnet.org/image/m/da72dbaa0b710b0e3ff70e27c5d68aa3d54faba3"", ""large_url"": ""https://bs.plantnet.org/image/o/da72dbaa0b710b0e3ff70e27c5d68aa3d54faba3"", ""organ"": ""flower""}]","{""id"": ""100157001""}",[],"[{""determination"": ""Iris japonica Thunb."", ""count"": 2, ""score"": 52.45}]",[],True,903,
1011987326,LIVING_SPECIMEN,,,,,,2021-09-13T04:52:55.331000Z,2021,9,13,,,,,,,-20.955496999999998,55.58367497222223,,WGS84,present,,,,,,Machaerina iridifolia (Bory) T.Koyama,,,,,,,,,,,,Pl@ntNet Occurrences,CC-BY-SA,,1011987326,2021-09-13T04:52:55.331Z,Pl@ntNet,research,StillImage,,Augustin Soulard,"{""id"": 5291141, ""rank"": ""species"", ""rank_level"": 10, ""kingdom"": ""Plantae"", ""family"": ""Cyperaceae"", ""name"": ""Machaerina iridifolia (Bory) T.Koyama"", ""url"": ""https://identify.plantnet.org/fr/reunion/species/Machaerina%20iridifolia%20(Bory)%20T.Koyama/data"", ""common_names"": {""en"": []}}","[{""type"": ""StillImage"", ""format"": ""image/jpeg"", ""identifier"": ""482abe4125ab2bf1afecdbdf94c2d8677024b2b6"", ""medium_url"": ""https://bs.plantnet.org/image/m/482abe4125ab2bf1afecdbdf94c2d8677024b2b6"", ""large_url"": ""https://bs.plantnet.org/image/o/482abe4125ab2bf1afecdbdf94c2d8677024b2b6"", ""organ"": ""leaf""}, {""type"": ""StillImage"", ""format"": ""image/jpeg"", ""identifier"": ""d0816a732d4c5bf1de33050a0a78aabef60323b8"", ""medium_url"": ""https://bs.plantnet.org/image/m/d0816a732d4c5bf1de33050a0a78aabef60323b8"", ""large_url"": ""https://bs.plantnet.org/image/o/d0816a732d4c5bf1de33050a0a78aabef60323b8"", ""organ"": ""leaf""}]","{""id"": ""100405616""}",[],"[{""determination"": ""Machaerina iridifolia (Bory) T.Koyama"", ""count"": 1, ""score"": 24.93}]",[],True,452.203,
1011630446,LIVING_SPECIMEN,,,,,,2021-08-06T10:26:33.371000Z,2021,8,6,,,,,,,-21.373523711944443,55.713111877222225,,WGS84,present,,,,,,Iris japonica Thunb.,,,,,,,,,,,,Pl@ntNet Occurrences,CC-BY-SA,,1011630446,2021-08-06T10:26:33.371Z,Pl@ntNet,research,StillImage,,daniela gontier,"{""id"": 5297939, ""rank"": ""species"", ""rank_level"": 10, ""kingdom"": ""Plantae"", ""family"": ""Iridaceae"", ""name"": ""Iris japonica Thunb."", ""url"": ""https://identify.plantnet.org/fr/reunion/species/Iris%20japonica%20Thunb./data"", ""common_names"": {""en"": [""Butterfly-flower"", ""Fringed iris"", ""Japanese crested iris""]}}","[{""type"": ""StillImage"", ""format"": ""image/jpeg"", ""identifier"": ""74b0e866e245237f25f0849d97f180193e3649c8"", ""medium_url"": ""https://bs.plantnet.org/image/m/74b0e866e245237f25f0849d97f180193e3649c8"", ""large_url"": ""https://bs.plantnet.org/image/o/74b0e866e245237f25f0849d97f180193e3649c8"", ""organ"": ""leaf""}, {""type"": ""StillImage"", ""format"": ""image/jpeg"", ""identifier"": ""1b45a49c07d3dcaadffd0bd71f1686d86ec3f4e0"", ""medium_url"": ""https://bs.plantnet.org/image/m/1b45a49c07d3dcaadffd0bd71f1686d86ec3f4e0"", ""large_url"": ""https://bs.plantnet.org/image/o/1b45a49c07d3dcaadffd0bd71f1686d86ec3f4e0"", ""organ"": ""flower""}]","{""id"": ""101601981""}",[],"[{""determination"": ""Iris japonica Thunb."", ""count"": 2, ""score"": 15.26}]",[],True,14,
1009183804,LIVING_SPECIMEN,,,,,,2020-11-18T09:47:36.539000Z,2020,11,18,,,,,,,-21.06333889,55.67182778,,WGS84,present,,,,,,Thunbergia fragrans Roxb.,,,,,,,,,,,,Pl@ntNet Occurrences,CC-BY-NC,,1009183804,1990-11-20T11:00:00.000Z,Pl@ntNet,research,StillImage,,Daniel Barthelemy,"{""id"": 5415458, ""rank"": ""species"", ""rank_level"": 10, ""kingdom"": ""Plantae"", ""family"": ""Acanthaceae"", ""name"": ""Thunbergia fragrans Roxb."", ""url"": ""https://identify.plantnet.org/fr/the-plant-list/species/Thunbergia%20fragrans%20Roxb./data"", ""common_names"": {""en"": [""White thunbergia"", ""White-lady"", ""White-nightshade"", ""Chimine"", ""Indrapushpam"", ""Noorvan-valli"", ""Susana blanca"", ""碗花草"", ""Angel wings"", ""Fragrant thunbergia"", ""Sweet clockvine"", ""White clockvine""]}}","[{""type"": ""StillImage"", ""format"": ""image/jpeg"", ""identifier"": ""7923ef17bded921355739350853a490b6d56e9d8"", ""medium_url"": ""https://bs.plantnet.org/image/m/7923ef17bded921355739350853a490b6d56e9d8"", ""large_url"": ""https://bs.plantnet.org/image/o/7923ef17bded921355739350853a490b6d56e9d8"", ""organ"": ""fruit""}, {""type"": ""StillImage"", ""format"": ""image/jpeg"", ""identifier"": ""e82b0cc5f6215de5ace03377b3916622ed938520"", ""medium_url"": ""https://bs.plantnet.org/image/m/e82b0cc5f6215de5ace03377b3916622ed938520"", ""large_url"": ""https://bs.plantnet.org/image/o/e82b0cc5f6215de5ace03377b3916622ed938520"", ""organ"": ""flower""}, {""type"": ""StillImage"", ""format"": ""image/jpeg"", ""identifier"": ""10dc1f5d78781d83339a9eec3edaf93263d39d08"", ""medium_url"": ""https://bs.plantnet.org/image/m/10dc1f5d78781d83339a9eec3edaf93263d39d08"", ""large_url"": ""https://bs.plantnet.org/image/o/10dc1f5d78781d83339a9eec3edaf93263d39d08"", ""organ"": ""flower""}]","{""id"": ""100585386""}",[],"[{""determination"": ""Thunbergia fragrans Roxb."", ""count"": 1, ""score"": 70.29}]",[],True,359,1000000
1008963437,LIVING_SPECIMEN,,,,,,2020-10-15T14:35:44.164000Z,2020,10,15,,,,,,,-21.2427626364,55.8005052712,,WGS84,present,,,,,,Machaerina iridifolia (Bory) T.Koyama,,,,,,,,,,,,Pl@ntNet Occurrences,CC-BY-SA,,1008963437,2020-10-15T14:35:44.164Z,Pl@ntNet,casual,StillImage,,François VANDESCHRICKE,"{""id"": 5291141, ""rank"": ""species"", ""rank_level"": 10, ""kingdom"": ""Plantae"", ""family"": ""Cyperaceae"", ""name"": ""Machaerina iridifolia (Bory) T.Koyama"", ""url"": ""https://identify.plantnet.org/fr/reunion/species/Machaerina%20iridifolia%20(Bory)%20T.Koyama/data"", ""common_names"": {""en"": []}}","[{""type"": ""StillImage"", ""format"": ""image/jpeg"", ""identifier"": ""b8e40e64543d4ce979cff35b1ce467ccde19d48c"", ""medium_url"": ""https://bs.plantnet.org/image/m/b8e40e64543d4ce979cff35b1ce467ccde19d48c"", ""large_url"": ""https://bs.plantnet.org/image/o/b8e40e64543d4ce979cff35b1ce467ccde19d48c"", ""organ"": ""leaf""}, {""type"": ""StillImage"", ""format"": ""image/jpeg"", ""identifier"": ""31b12863fba3baccbfb463de39694ab3bbfb445a"", ""medium_url"": ""https://bs.plantnet.org/image/m/31b12863fba3baccbfb463de39694ab3bbfb445a"", ""large_url"": ""https://bs.plantnet.org/image/o/31b12863fba3baccbfb463de39694ab3bbfb445a"", ""organ"": ""leaf""}]","{""id"": ""100042816""}",[],"[{""determination"": ""Machaerina iridifolia (Bory) T.Koyama"", ""count"": 1, ""score"": 1.23}]",[],True,86.5607,5
1008857103,LIVING_SPECIMEN,,,,,,2020-10-01T05:00:30.026000Z,2020,10,1,,,,,,,-21.255848,55.50872402777778,,WGS84,present,,,,,,Iris japonica Thunb.,,,,,,,,,,,,Pl@ntNet Occurrences,CC-BY-SA,,1008857103,2020-10-01T05:00:30.026Z,Pl@ntNet,research,StillImage,,Michel P Boyer,"{""id"": 5297939, ""rank"": ""species"", ""rank_level"": 10, ""kingdom"": ""Plantae"", ""family"": ""Iridaceae"", ""name"": ""Iris japonica Thunb."", ""url"": ""https://identify.plantnet.org/fr/reunion/species/Iris%20japonica%20Thunb./data"", ""common_names"": {""en"": [""Butterfly-flower"", ""Fringed iris"", ""Japanese crested iris""]}}","[{""type"": ""StillImage"", ""format"": ""image/jpeg"", ""identifier"": ""28afcb2e7c2e9e9fe1a0ba816a8727b1f2d96dd6"", ""medium_url"": ""https://bs.plantnet.org/image/m/28afcb2e7c2e9e9fe1a0ba816a8727b1f2d96dd6"", ""large_url"": ""https://bs.plantnet.org/image/o/28afcb2e7c2e9e9fe1a0ba816a8727b1f2d96dd6"", ""organ"": ""flower""}]","{""id"": ""100740861""}",[],"[{""determination"": ""Iris japonica Thunb."", ""count"": 2, ""score"": 7.13}]",[],True,672.284,
1008768821,LIVING_SPECIMEN,,,,,,2020-09-21T07:05:00.767000Z,2020,9,21,,,,,,,-21.1051025026,55.6302894627,,WGS84,present,,,,,,Machaerina iridifolia (Bory) T.Koyama,,,,,,,,,,,,Pl@ntNet Occurrences,CC-BY-SA,,1008768821,2020-09-21T07:05:00.767Z,Pl@ntNet,research,StillImage,,jm jacques,"{""id"": 5291141, ""rank"": ""species"", ""rank_level"": 10, ""kingdom"": ""Plantae"", ""family"": ""Cyperaceae"", ""name"": ""Machaerina iridifolia (Bory) T.Koyama"", ""url"": ""https://identify.plantnet.org/fr/reunion/species/Machaerina%20iridifolia%20(Bory)%20T.Koyama/data"", ""common_names"": {""en"": []}}","[{""type"": ""StillImage"", ""format"": ""image/jpeg"", ""identifier"": ""85918e544f73107ad8f60056ca187ca21a13bea5"", ""medium_url"": ""https://bs.plantnet.org/image/m/85918e544f73107ad8f60056ca187ca21a13bea5"", ""large_url"": ""https://bs.plantnet.org/image/o/85918e544f73107ad8f60056ca187ca21a13bea5"", ""organ"": ""leaf""}]","{""id"": ""102502743""}",[],"[{""determination"": ""Machaerina iridifolia (Bory) T.Koyama"", ""count"": 2, ""score"": 7.0200000000000005}]",[],True,906.5775,64
1008430743,LIVING_SPECIMEN,,,,,,2020-08-22T12:01:48.242000Z,2020,8,22,,,,,,,-21.129166666666666,55.473055555555554,,WGS84,present,,,,,,Iris japonica Thunb.,,,,,,,,,,,,Pl@ntNet Occurrences,CC-BY-SA,,1008430743,2020-08-22T12:01:48.242Z,Pl@ntNet,research,StillImage,,Sébastien de Boussac,"{""id"": 5297939, ""rank"": ""species"", ""rank_level"": 10, ""kingdom"": ""Plantae"", ""family"": ""Iridaceae"", ""name"": ""Iris japonica Thunb."", ""url"": ""https://identify.plantnet.org/fr/the-plant-list/species/Iris%20japonica%20Thunb./data"", ""common_names"": {""en"": [""Butterfly-flower"", ""Fringed iris"", ""Japanese crested iris""]}}","[{""type"": ""StillImage"", ""format"": ""image/jpeg"", ""identifier"": ""37d6d3e2fa24b99beaec679427f2c8aba118d369"", ""medium_url"": ""https://bs.plantnet.org/image/m/37d6d3e2fa24b99beaec679427f2c8aba118d369"", ""large_url"": ""https://bs.plantnet.org/image/o/37d6d3e2fa24b99beaec679427f2c8aba118d369"", ""organ"": ""flower""}]","{""id"": ""101300499""}",[],"[{""determination"": ""Iris japonica Thunb."", ""count"": 1, ""score"": 6.61}]",[],True,1245,
1008180755,LIVING_SPECIMEN,,,,,,2020-08-04T07:10:23.954000Z,2020,8,4,,,,,,,-21.13234176,55.47596126,,WGS84,present,,,,,,Iris japonica Thunb.,,,,,,,,,,,,Pl@ntNet Occurrences,CC-BY-SA,,1008180755,2020-08-04T07:10:23.954Z,Pl@ntNet,research,StillImage,,p r,"{""id"": 5297939, ""rank"": ""species"", ""rank_level"": 10, ""kingdom"": ""Plantae"", ""family"": ""Iridaceae"", ""name"": ""Iris japonica Thunb."", ""url"": ""https://identify.plantnet.org/fr/reunion/species/Iris%20japonica%20Thunb./data"", ""common_names"": {""en"": [""Butterfly-flower"", ""Fringed iris"", ""Japanese crested iris""]}}","[{""type"": ""StillImage"", ""format"": ""image/jpeg"", ""identifier"": ""a357dbcdb329c3429f765601b54a9e95b5ec25a1"", ""medium_url"": ""https://bs.plantnet.org/image/m/a357dbcdb329c3429f765601b54a9e95b5ec25a1"", ""large_url"": ""https://bs.plantnet.org/image/o/a357dbcdb329c3429f765601b54a9e95b5ec25a1"", ""organ"": ""flower""}]","{""id"": ""101155308""}",[],"[{""determination"": ""Iris japonica Thunb."", ""count"": 1, ""score"": 3.75}]",[],True,1242.7166,6.4320001602
1005453198,LIVING_SPECIMEN,,,,,,2020-02-12T06:01:19.710000Z,2020,2,12,,,,,,,-21.198011416666667,55.42990341666666,,WGS84,present,,,,,,Iris japonica Thunb.,,,,,,,,,,,,Pl@ntNet Occurrences,CC-BY-SA,,1005453198,2019-08-08T10:12:08.000Z,Pl@ntNet,casual,StillImage,,Fred Gentilini,"{""id"": 5297939, ""rank"": ""species"", ""rank_level"": 10, ""kingdom"": ""Plantae"", ""family"": ""Iridaceae"", ""name"": ""Iris japonica Thunb."", ""url"": ""https://identify.plantnet.org/fr/the-plant-list/species/Iris%20japonica%20Thunb./data"", ""common_names"": {""en"": [""Butterfly-flower"", ""Fringed iris"", ""Japanese crested iris""]}}","[{""type"": ""StillImage"", ""format"": ""image/jpeg"", ""identifier"": ""678a814f0d48f6cb56465e90ceb2c6c75b436217"", ""medium_url"": ""https://bs.plantnet.org/image/m/678a814f0d48f6cb56465e90ceb2c6c75b436217"", ""large_url"": ""https://bs.plantnet.org/image/o/678a814f0d48f6cb56465e90ceb2c6c75b436217"", ""organ"": ""flower""}]","{""id"": ""101639915""}",[],"[{""determination"": ""Iris japonica Thunb."", ""count"": 1, ""score"": 1.23}]",[],True,1257.722,
1004728990,LIVING_SPECIMEN,,,,,,2019-08-19T14:43:09.750000Z,2019,8,19,,,,,,,-21.040589078329504,55.425580479204655,,WGS84,present,,,,,,Iris japonica Thunb.,,,,,,,,,,,,Pl@ntNet Occurrences,CC-BY-SA,,1004728990,2019-08-08T14:12:21.000Z,Pl@ntNet,casual,StillImage,,François Laguibre,"{""id"": 5297939, ""rank"": ""species"", ""rank_level"": 10, ""kingdom"": ""Plantae"", ""family"": ""Iridaceae"", ""name"": ""Iris japonica Thunb."", ""url"": ""https://identify.plantnet.org/fr/the-plant-list/species/Iris%20japonica%20Thunb./data"", ""common_names"": {""en"": [""Butterfly-flower"", ""Fringed iris"", ""Japanese crested iris""]}}","[{""type"": ""StillImage"", ""format"": ""image/jpeg"", ""identifier"": ""97a49036b0f67e953069a5365448e66365bd5412"", ""medium_url"": ""https://bs.plantnet.org/image/m/97a49036b0f67e953069a5365448e66365bd5412"", ""large_url"": ""https://bs.plantnet.org/image/o/97a49036b0f67e953069a5365448e66365bd5412"", ""organ"": ""flower""}]","{""id"": ""100569997""}",[],"[{""determination"": ""Iris japonica Thunb."", ""count"": 1, ""score"": 0.74}]",[],True,877,18
1004158913,LIVING_SPECIMEN,,,,,,2019-06-16T07:59:37.835000Z,2019,6,16,,,,,,,-20.938482502,55.467110347,,WGS84,present,,,,,,Machaerina iridifolia (Bory) T.Koyama,,,,,,,,,,,,Pl@ntNet Occurrences,CC-BY-SA,,1004158913,2019-06-16T07:59:37.835Z,Pl@ntNet,research,StillImage,,camille naya,"{""id"": 5291141, ""rank"": ""species"", ""rank_level"": 10, ""kingdom"": ""Plantae"", ""family"": ""Cyperaceae"", ""name"": ""Machaerina iridifolia (Bory) T.Koyama"", ""url"": ""https://identify.plantnet.org/fr/reunion/species/Machaerina%20iridifolia%20(Bory)%20T.Koyama/data"", ""common_names"": {""en"": []}}","[{""type"": ""StillImage"", ""format"": ""image/jpeg"", ""identifier"": ""9bcc719a1f4208d9f7bc19a4f5ac2864fabc5f70"", ""medium_url"": ""https://bs.plantnet.org/image/m/9bcc719a1f4208d9f7bc19a4f5ac2864fabc5f70"", ""large_url"": ""https://bs.plantnet.org/image/o/9bcc719a1f4208d9f7bc19a4f5ac2864fabc5f70"", ""organ"": ""leaf""}]","{""id"": ""101089733""}",[],"[{""determination"": ""Machaerina iridifolia (Bory) T.Koyama"", ""count"": 1, ""score"": 4.24}]",[],True,818.5702,11.366580963134766
